id_cp_interaction,interacting_pair,partner_a,partner_b,gene_a,gene_b,secreted,receptor_a,receptor_b,annotation_strategy,is_integrin,directionality,classification,B cells|B cells,B cells|CD4 T cells,B cells|CD8 T cells,B cells|Fibroblasts,B cells|Macrophages,B cells|Macrophages M2-like,B cells|Malignant cells,B cells|TECs,B cells|unclassified,CD4 T cells|B cells,CD4 T cells|CD4 T cells,CD4 T cells|CD8 T cells,CD4 T cells|Fibroblasts,CD4 T cells|Macrophages,CD4 T cells|Macrophages M2-like,CD4 T cells|Malignant cells,CD4 T cells|TECs,CD4 T cells|unclassified,CD8 T cells|B cells,CD8 T cells|CD4 T cells,CD8 T cells|CD8 T cells,CD8 T cells|Fibroblasts,CD8 T cells|Macrophages,CD8 T cells|Macrophages M2-like,CD8 T cells|Malignant cells,CD8 T cells|TECs,CD8 T cells|unclassified,Fibroblasts|B cells,Fibroblasts|CD4 T cells,Fibroblasts|CD8 T cells,Fibroblasts|Fibroblasts,Fibroblasts|Macrophages,Fibroblasts|Macrophages M2-like,Fibroblasts|Malignant cells,Fibroblasts|TECs,Fibroblasts|unclassified,Macrophages|B cells,Macrophages|CD4 T cells,Macrophages|CD8 T cells,Macrophages|Fibroblasts,Macrophages|Macrophages,Macrophages|Macrophages M2-like,Macrophages|Malignant cells,Macrophages|TECs,Macrophages|unclassified,Macrophages M2-like|B cells,Macrophages M2-like|CD4 T cells,Macrophages M2-like|CD8 T cells,Macrophages M2-like|Fibroblasts,Macrophages M2-like|Macrophages,Macrophages M2-like|Macrophages M2-like,Macrophages M2-like|Malignant cells,Macrophages M2-like|TECs,Macrophages M2-like|unclassified,Malignant cells|B cells,Malignant cells|CD4 T cells,Malignant cells|CD8 T cells,Malignant cells|Fibroblasts,Malignant cells|Macrophages,Malignant cells|Macrophages M2-like,Malignant cells|Malignant cells,Malignant cells|TECs,Malignant cells|unclassified,TECs|B cells,TECs|CD4 T cells,TECs|CD8 T cells,TECs|Fibroblasts,TECs|Macrophages,TECs|Macrophages M2-like,TECs|Malignant cells,TECs|TECs,TECs|unclassified,unclassified|B cells,unclassified|CD4 T cells,unclassified|CD8 T cells,unclassified|Fibroblasts,unclassified|Macrophages,unclassified|Macrophages M2-like,unclassified|Malignant cells,unclassified|TECs,unclassified|unclassified
CPI-SS00C24ED50,CDH5_CDH5,simple:P33151,simple:P33151,CDH5,CDH5,False,False,False,curated,False,Adhesion-Adhesion,Adhesion by Cadherin,-0.0,-0.0,-0.0,-0.0,-0.0,-0.0,-0.0,0.0,-0.0,-0.0,-0.0,-0.0,-0.0,-0.0,-0.0,-0.0,0.0,-0.0,-0.0,-0.0,-0.0,-0.0,-0.0,-0.0,-0.0,0.0,-0.0,-0.0,-0.0,-0.0,-0.0,-0.0,-0.0,-0.0,0.0,-0.0,-0.0,-0.0,-0.0,-0.0,-0.0,-0.0,-0.0,0.0,-0.0,-0.0,-0.0,-0.0,-0.0,-0.0,-0.0,-0.0,0.0,-0.0,-0.0,-0.0,-0.0,-0.0,-0.0,-0.0,-0.0,0.0,-0.0,0.0,0.0,0.0,0.0,0.0,0.0,0.0,2.774,1.392,-0.0,-0.0,-0.0,-0.0,-0.0,-0.0,-0.0,1.392,0.01
CPI-SS0544D2759,ICAM2_CD209,simple:P13598,simple:Q9NNX6,ICAM2,CD209,True,False,True,curated,False,Ligand-Receptor,Adhesion by ICAM,-0.0,-0.0,-0.0,-0.0,0.423,-0.0,-0.0,-0.0,0.0,-0.0,-0.0,-0.0,-0.0,0.427,-0.0,-0.0,-0.0,0.0,-0.0,-0.0,-0.0,-0.0,0.0,-0.0,-0.0,-0.0,-0.0,-0.0,-0.0,-0.0,-0.0,0.0,-0.0,-0.0,-0.0,-0.0,-0.0,-0.0,-0.0,-0.0,0.0,-0.0,-0.0,-0.0,-0.0,-0.0,-0.0,-0.0,-0.0,0.0,-0.0,-0.0,-0.0,-0.0,-0.0,-0.0,-0.0,-0.0,0.0,-0.0,-0.0,-0.0,-0.0,0.0,0.0,0.0,0.0,1.201,0.0,0.0,0.0,0.0,-0.0,-0.0,-0.0,-0.0,0.0,-0.0,-0.0,-0.0,-0.0
CPI-SS001BF66E8,CEACAM6_CEACAM6,simple:P40199,simple:P40199,CEACAM6,CEACAM6,False,False,False,curated,False,Adhesion-Adhesion,Adhesion by CEAM,-0.0,-0.0,-0.0,-0.0,-0.0,-0.0,0.0,-0.0,-0.0,-0.0,-0.0,-0.0,-0.0,-0.0,-0.0,0.0,-0.0,-0.0,-0.0,-0.0,-0.0,-0.0,-0.0,-0.0,0.0,-0.0,-0.0,-0.0,-0.0,-0.0,-0.0,-0.0,-0.0,0.0,-0.0,-0.0,-0.0,-0.0,-0.0,-0.0,-0.0,-0.0,0.0,-0.0,-0.0,-0.0,-0.0,-0.0,-0.0,-0.0,-0.0,0.0,-0.0,-0.0,0.0,0.0,0.0,0.0,0.0,0.0,0.144,0.0,0.121,-0.0,-0.0,-0.0,-0.0,-0.0,-0.0,0.0,-0.0,-0.0,-0.0,-0.0,-0.0,-0.0,-0.0,-0.0,0.121,-0.0,0.097
CPI-SS085C6A191,SELPLG_SELE,simple:Q14242,simple:P16581,SELPLG,SELE,False,True,False,curated,False,Ligand-Receptor,Signaling by Selectin,-0.0,-0.0,-0.0,-0.0,-0.0,-0.0,-0.0,0.0,-0.0,0.0,0.0,0.0,0.0,0.0,0.0,0.0,0.539,0.0,0.0,0.0,0.0,0.0,0.0,0.0,0.0,0.593,0.0,-0.0,-0.0,-0.0,-0.0,-0.0,-0.0,-0.0,0.0,-0.0,0.0,0.0,0.0,0.0,0.0,0.0,0.0,0.576,0.0,-0.0,-0.0,-0.0,-0.0,-0.0,-0.0,-0.0,0.0,-0.0,-0.0,-0.0,-0.0,-0.0,-0.0,-0.0,-0.0,0.0,-0.0,-0.0,-0.0,-0.0,-0.0,-0.0,-0.0,-0.0,0.0,-0.0,-0.0,-0.0,-0.0,-0.0,-0.0,-0.0,-0.0,0.0,-0.0
CPI-SS06F83AE58,CD44_SELE,simple:P16070,simple:P16581,CD44,SELE,False,True,False,curated,False,Ligand-Receptor,,-0.0,-0.0,-0.0,-0.0,-0.0,-0.0,-0.0,0.0,-0.0,0.0,0.0,0.0,0.0,0.0,0.0,0.0,0.69,0.0,0.0,0.0,0.0,0.0,0.0,0.0,0.0,0.722,0.0,-0.0,-0.0,-0.0,-0.0,-0.0,-0.0,-0.0,0.0,-0.0,0.0,0.0,0.0,0.0,0.0,0.0,0.0,0.618,0.0,-0.0,-0.0,-0.0,-0.0,-0.0,-0.0,-0.0,0.0,-0.0,-0.0,-0.0,-0.0,-0.0,-0.0,-0.0,-0.0,0.0,-0.0,-0.0,-0.0,-0.0,-0.0,-0.0,-0.0,-0.0,0.0,-0.0,-0.0,-0.0,-0.0,-0.0,-0.0,-0.0,-0.0,0.0,-0.0
CPI-SS0ACFA4F22,GJA5_GJA5,simple:P36382,simple:P36382,GJA5,GJA5,False,False,False,curated,False,Gap-Gap,Adhesion by GAP junction,-0.0,-0.0,-0.0,0.0,-0.0,-0.0,-0.0,0.0,-0.0,-0.0,-0.0,-0.0,0.0,-0.0,-0.0,-0.0,0.0,-0.0,-0.0,-0.0,-0.0,0.0,-0.0,-0.0,-0.0,0.0,-0.0,0.0,0.0,0.0,0.072,0.0,0.0,0.0,0.599,0.0,-0.0,-0.0,-0.0,0.0,-0.0,-0.0,-0.0,0.0,-0.0,-0.0,-0.0,-0.0,0.0,-0.0,-0.0,-0.0,0.0,-0.0,-0.0,-0.0,-0.0,0.0,-0.0,-0.0,-0.0,0.0,-0.0,0.0,0.0,0.0,0.599,0.0,0.0,0.0,1.125,0.0,-0.0,-0.0,-0.0,0.0,-0.0,-0.0,-0.0,0.0,-0.0
CPI-SS09C4FCB90,ICAM1_SPN,simple:P05362,simple:P16150,ICAM1,SPN,False,True,False,curated,False,Adhesion-Adhesion,Adhesion by ICAM,-0.0,0.0,0.0,-0.0,-0.0,-0.0,-0.0,-0.0,-0.0,-0.0,0.0,0.0,-0.0,-0.0,-0.0,-0.0,-0.0,-0.0,-0.0,0.0,0.0,-0.0,-0.0,-0.0,-0.0,-0.0,-0.0,-0.0,0.0,0.0,-0.0,-0.0,-0.0,-0.0,-0.0,-0.0,0.0,0.419,0.512,0.0,0.0,0.0,0.0,0.0,0.286,0.0,0.291,0.383,-0.0,0.0,-0.0,-0.0,0.0,0.157,-0.0,0.0,0.0,-0.0,-0.0,-0.0,-0.0,-0.0,-0.0,0.0,0.346,0.438,0.0,0.0,0.0,0.0,0.0,0.212,-0.0,0.194,0.286,-0.0,0.0,-0.0,-0.0,-0.0,0.06
CPI-SS0BDC2B411,F2_F2RL3,simple:P00734,simple:Q96RI0,F2,F2RL3,True,False,True,curated,False,Ligand-Receptor,Adhesion by Prothrombin,-0.0,-0.0,-0.0,-0.0,-0.0,-0.0,-0.0,0.0,-0.0,-0.0,-0.0,-0.0,-0.0,-0.0,-0.0,-0.0,0.0,-0.0,-0.0,-0.0,-0.0,-0.0,-0.0,-0.0,-0.0,0.0,-0.0,-0.0,-0.0,-0.0,-0.0,-0.0,-0.0,-0.0,0.0,-0.0,-0.0,-0.0,-0.0,-0.0,-0.0,-0.0,-0.0,0.0,-0.0,-0.0,-0.0,-0.0,-0.0,-0.0,-0.0,-0.0,0.0,-0.0,0.0,0.0,0.0,0.0,0.0,0.0,0.0,0.85,0.341,-0.0,-0.0,-0.0,-0.0,-0.0,-0.0,-0.0,0.0,-0.0,-0.0,-0.0,-0.0,-0.0,-0.0,-0.0,-0.0,0.0,-0.0
CPI-SS0710B1B3A,CTSG_F2RL3,simple:P08311,simple:Q96RI0,CTSG,F2RL3,True,False,True,curated,False,Ligand-Receptor,Signaling by Cathepsin,-0.0,-0.0,-0.0,-0.0,-0.0,-0.0,-0.0,0.0,-0.0,-0.0,-0.0,-0.0,-0.0,-0.0,-0.0,-0.0,0.0,0.0,-0.0,-0.0,-0.0,-0.0,-0.0,-0.0,-0.0,0.0,-0.0,-0.0,-0.0,-0.0,-0.0,-0.0,-0.0,-0.0,0.0,-0.0,-0.0,-0.0,-0.0,-0.0,-0.0,-0.0,-0.0,0.54,0.031,-0.0,-0.0,-0.0,-0.0,-0.0,-0.0,-0.0,0.0,-0.0,-0.0,-0.0,-0.0,-0.0,-0.0,-0.0,-0.0,0.0,-0.0,-0.0,-0.0,-0.0,-0.0,-0.0,-0.0,-0.0,0.0,-0.0,0.0,0.0,0.0,0.0,0.0,0.0,0.0,0.545,0.037
CPI-SS09B583B3F,F2_THBD,simple:P00734,simple:P07204,F2,THBD,True,False,True,curated,False,Ligand-Receptor,Adhesion by Prothrombin,-0.0,-0.0,-0.0,-0.0,0.0,-0.0,-0.0,0.0,-0.0,-0.0,-0.0,-0.0,-0.0,0.0,-0.0,-0.0,0.0,-0.0,-0.0,-0.0,-0.0,-0.0,0.0,-0.0,-0.0,0.0,-0.0,-0.0,-0.0,-0.0,-0.0,0.0,-0.0,-0.0,0.0,-0.0,-0.0,-0.0,-0.0,-0.0,0.0,-0.0,-0.0,0.0,-0.0,-0.0,-0.0,-0.0,-0.0,0.0,-0.0,-0.0,0.0,-0.0,0.0,0.0,0.0,0.0,0.568,0.0,0.0,1.147,0.343,-0.0,-0.0,-0.0,-0.0,0.0,-0.0,-0.0,0.0,-0.0,-0.0,-0.0,-0.0,-0.0,0.0,-0.0,-0.0,0.0,0.0
CPI-SS012E7C8B8,PI16_TNFRSF21,simple:Q6UXB8,simple:O75509,PI16,TNFRSF21,True,False,True,curated,False,Ligand-Receptor,,-0.0,-0.0,-0.0,0.0,0.0,-0.0,0.0,-0.0,0.0,0.0,-0.0,-0.0,0.359,0.094,-0.0,0.087,-0.0,0.074,-0.0,-0.0,-0.0,0.0,0.0,-0.0,0.0,-0.0,0.0,-0.0,-0.0,-0.0,0.0,0.0,-0.0,0.0,-0.0,0.0,-0.0,-0.0,-0.0,0.0,0.0,-0.0,0.0,-0.0,0.0,-0.0,-0.0,-0.0,0.0,0.0,-0.0,0.0,-0.0,0.0,-0.0,-0.0,-0.0,0.0,0.0,-0.0,0.0,-0.0,0.0,0.0,0.0,0.0,0.471,0.206,0.0,0.2,0.0,0.186,-0.0,-0.0,-0.0,0.0,0.0,-0.0,0.0,-0.0,0.0
CPI-SS0BAB460FF,ANGPT2_TEK,simple:O15123,simple:Q02763,ANGPT2,TEK,True,False,True,curated,False,Ligand-Receptor,Signaling by Angiopoietin,-0.0,-0.0,-0.0,-0.0,-0.0,-0.0,-0.0,0.0,-0.0,-0.0,-0.0,-0.0,-0.0,-0.0,-0.0,-0.0,0.0,-0.0,-0.0,-0.0,-0.0,-0.0,-0.0,-0.0,-0.0,0.0,-0.0,0.0,0.0,0.0,0.0,0.0,0.0,0.0,1.537,0.632,-0.0,-0.0,-0.0,-0.0,-0.0,-0.0,-0.0,0.0,-0.0,-0.0,-0.0,-0.0,-0.0,-0.0,-0.0,-0.0,0.0,-0.0,-0.0,-0.0,-0.0,-0.0,-0.0,-0.0,-0.0,0.0,-0.0,0.0,0.0,0.0,0.0,0.0,0.0,0.0,1.442,0.537,-0.0,-0.0,-0.0,-0.0,-0.0,-0.0,-0.0,0.924,0.018
CPI-SS0D89F86A7,ANGPT4_TEK,simple:Q9Y264,simple:Q02763,ANGPT4,TEK,True,False,True,curated,False,Ligand-Receptor,Signaling by Angiopoietin,-0.0,-0.0,-0.0,-0.0,-0.0,-0.0,-0.0,0.0,-0.0,-0.0,-0.0,-0.0,-0.0,-0.0,-0.0,-0.0,0.0,-0.0,-0.0,-0.0,-0.0,-0.0,-0.0,-0.0,-0.0,0.0,-0.0,-0.0,-0.0,-0.0,-0.0,-0.0,-0.0,-0.0,0.0,-0.0,-0.0,-0.0,-0.0,-0.0,-0.0,-0.0,-0.0,0.0,-0.0,-0.0,-0.0,-0.0,-0.0,-0.0,-0.0,-0.0,0.0,-0.0,0.0,0.0,0.0,0.0,0.0,0.0,0.0,1.07,0.165,-0.0,-0.0,-0.0,-0.0,-0.0,-0.0,-0.0,0.0,-0.0,-0.0,-0.0,-0.0,-0.0,-0.0,-0.0,-0.0,0.0,-0.0
CPI-SS05996C8FD,AGT_AGTR1,simple:P01019,simple:P30556,AGT,AGTR1,True,False,True,curated,False,Ligand-Receptor,Signaling by Angiotensinogen,-0.0,-0.0,-0.0,-0.0,-0.0,-0.0,-0.0,-0.0,-0.0,-0.0,-0.0,-0.0,-0.0,-0.0,-0.0,-0.0,-0.0,-0.0,-0.0,-0.0,-0.0,-0.0,-0.0,-0.0,-0.0,-0.0,-0.0,-0.0,-0.0,-0.0,0.0,-0.0,-0.0,0.0,-0.0,0.0,-0.0,-0.0,-0.0,-0.0,-0.0,-0.0,-0.0,-0.0,-0.0,0.0,0.0,0.0,0.286,0.0,0.0,0.391,0.0,0.296,0.0,0.0,0.0,0.456,0.0,0.0,0.561,0.0,0.466,-0.0,-0.0,-0.0,-0.0,-0.0,-0.0,-0.0,-0.0,-0.0,-0.0,-0.0,-0.0,0.091,-0.0,-0.0,0.196,-0.0,0.101
CPI-SS0F739D3DB,ANXA1_FPR1,simple:P04083,simple:P21462,ANXA1,FPR1,True,False,True,curated,False,Ligand-Receptor,Signaling by Annexin,-0.0,-0.0,-0.0,-0.0,0.0,-0.0,-0.0,-0.0,-0.0,0.0,0.0,0.0,0.0,0.886,0.0,0.0,0.0,0.0,0.0,0.0,0.0,0.0,0.925,0.0,0.0,0.0,0.0,-0.0,-0.0,-0.0,-0.0,0.0,-0.0,-0.0,-0.0,-0.0,0.0,0.0,0.0,0.0,0.67,0.0,0.0,0.0,0.0,-0.0,-0.0,-0.0,-0.0,0.0,-0.0,-0.0,-0.0,-0.0,-0.0,-0.0,-0.0,-0.0,0.0,-0.0,-0.0,-0.0,-0.0,-0.0,-0.0,-0.0,-0.0,0.64,-0.0,-0.0,-0.0,0.0,-0.0,-0.0,-0.0,-0.0,0.0,-0.0,-0.0,-0.0,-0.0
CPI-SS0C1332E73,CTSG_FPR1,simple:P08311,simple:P21462,CTSG,FPR1,True,False,True,curated,False,Ligand-Receptor,Signaling by Cathepsin,-0.0,-0.0,-0.0,-0.0,0.0,-0.0,-0.0,-0.0,-0.0,-0.0,-0.0,-0.0,-0.0,0.0,-0.0,-0.0,-0.0,-0.0,-0.0,-0.0,-0.0,-0.0,0.0,-0.0,-0.0,-0.0,-0.0,-0.0,-0.0,-0.0,-0.0,0.0,-0.0,-0.0,-0.0,-0.0,-0.0,-0.0,-0.0,-0.0,0.619,-0.0,-0.0,-0.0,-0.0,-0.0,-0.0,-0.0,-0.0,0.0,-0.0,-0.0,-0.0,-0.0,-0.0,-0.0,-0.0,-0.0,0.0,-0.0,-0.0,-0.0,-0.0,-0.0,-0.0,-0.0,-0.0,0.0,-0.0,-0.0,-0.0,-0.0,-0.0,-0.0,-0.0,-0.0,0.625,-0.0,-0.0,-0.0,-0.0
CPI-SS06CCF5A54,ANXA1_FPR3,simple:P04083,simple:P25089,ANXA1,FPR3,True,False,True,curated,False,Ligand-Receptor,Signaling by Annexin,-0.0,-0.0,-0.0,-0.0,0.0,-0.0,-0.0,-0.0,-0.0,0.0,0.0,0.0,0.0,1.041,0.0,0.0,0.0,0.0,0.0,0.0,0.0,0.0,1.08,0.0,0.0,0.0,0.0,-0.0,-0.0,-0.0,-0.0,0.0,-0.0,-0.0,-0.0,-0.0,-0.0,-0.0,-0.0,-0.0,0.825,-0.0,0.0,-0.0,0.0,-0.0,-0.0,-0.0,-0.0,0.0,-0.0,-0.0,-0.0,-0.0,-0.0,-0.0,-0.0,-0.0,0.0,-0.0,-0.0,-0.0,-0.0,-0.0,-0.0,-0.0,-0.0,0.795,-0.0,-0.0,-0.0,0.0,-0.0,-0.0,-0.0,-0.0,0.0,-0.0,-0.0,-0.0,-0.0
CPI-SS0EDD4928A,NGF_NGFR,simple:P01138,simple:P08138,NGF,NGFR,True,False,True,curated,False,Ligand-Receptor,Signaling by Beta-nerve growth factor,-0.0,-0.0,-0.0,0.0,-0.0,-0.0,-0.0,-0.0,0.0,-0.0,-0.0,-0.0,0.0,-0.0,-0.0,-0.0,-0.0,0.0,-0.0,-0.0,-0.0,0.0,-0.0,-0.0,-0.0,-0.0,0.0,0.0,0.0,0.0,1.739,0.0,0.0,0.0,0.0,1.091,-0.0,-0.0,-0.0,0.0,-0.0,-0.0,-0.0,-0.0,0.0,-0.0,-0.0,-0.0,0.0,-0.0,-0.0,-0.0,-0.0,0.0,-0.0,-0.0,-0.0,0.0,-0.0,-0.0,-0.0,-0.0,0.0,-0.0,-0.0,-0.0,0.0,-0.0,-0.0,-0.0,-0.0,0.0,-0.0,-0.0,-0.0,0.714,-0.0,-0.0,-0.0,-0.0,0.066
CPI-SS09EB0DFB1,RARRES2_CCRL2,simple:Q99969,simple:O00421,RARRES2,CCRL2,True,False,True,curated,False,Ligand-Receptor,Signaling by Retinoid acid,-0.0,-0.0,-0.0,-0.0,0.0,-0.0,-0.0,-0.0,-0.0,-0.0,-0.0,-0.0,-0.0,0.0,-0.0,-0.0,-0.0,-0.0,-0.0,-0.0,-0.0,-0.0,0.0,-0.0,-0.0,-0.0,-0.0,0.0,0.0,0.11,0.0,0.432,0.0,0.0,0.189,0.0,-0.0,-0.0,-0.0,-0.0,0.0,-0.0,-0.0,-0.0,-0.0,-0.0,-0.0,-0.0,-0.0,0.0,-0.0,-0.0,-0.0,-0.0,0.0,0.0,0.462,0.0,0.784,0.0,0.0,0.54,0.0,-0.0,-0.0,-0.0,-0.0,0.0,-0.0,-0.0,-0.0,-0.0,-0.0,-0.0,-0.0,-0.0,0.0,-0.0,-0.0,0.0,-0.0
CPI-SS0079E2156,CCL20_CCR6,simple:P78556,simple:P51684,CCL20,CCR6,True,False,True,curated,False,Ligand-Receptor,Signaling by Chemokines,-0.0,0.0,-0.0,-0.0,-0.0,-0.0,-0.0,-0.0,-0.0,-0.0,0.0,-0.0,-0.0,-0.0,-0.0,-0.0,-0.0,-0.0,-0.0,0.0,-0.0,-0.0,-0.0,-0.0,-0.0,-0.0,-0.0,-0.0,0.0,-0.0,-0.0,-0.0,-0.0,-0.0,-0.0,-0.0,-0.0,0.0,-0.0,-0.0,-0.0,-0.0,-0.0,-0.0,-0.0,-0.0,0.0,-0.0,-0.0,-0.0,-0.0,-0.0,-0.0,-0.0,0.129,0.411,0.149,0.0,0.0,0.0,0.0,0.0,0.0,-0.0,0.0,-0.0,-0.0,-0.0,-0.0,-0.0,-0.0,-0.0,0.037,0.319,0.057,-0.0,-0.0,-0.0,-0.0,-0.0,-0.0
CPI-SS0D1D95883,CCL4_CCR5,simple:P13236,simple:P51681,CCL4,CCR5,True,False,True,curated,False,Ligand-Receptor,Signaling by Chemokines,-0.0,-0.0,0.0,-0.0,-0.0,-0.0,-0.0,-0.0,-0.0,-0.0,-0.0,0.0,-0.0,-0.0,-0.0,-0.0,-0.0,-0.0,0.0,0.595,0.78,0.0,0.553,0.0,0.0,0.0,0.0,-0.0,-0.0,0.0,-0.0,-0.0,-0.0,-0.0,-0.0,-0.0,0.0,0.213,0.397,0.0,0.17,0.0,0.0,0.0,0.0,-0.0,-0.0,0.0,-0.0,-0.0,-0.0,-0.0,-0.0,-0.0,-0.0,-0.0,0.0,-0.0,-0.0,-0.0,-0.0,-0.0,-0.0,-0.0,-0.0,0.0,-0.0,-0.0,-0.0,-0.0,-0.0,-0.0,-0.0,0.104,0.289,-0.0,0.062,-0.0,-0.0,-0.0,0.0
CPI-SS0C30EC0DE,CCL8_CCR5,simple:P80075,simple:P51681,CCL8,CCR5,True,False,True,curated,False,Ligand-Receptor,Signaling by Chemokines,-0.0,0.0,0.0,-0.0,-0.0,-0.0,-0.0,-0.0,-0.0,-0.0,0.0,0.0,-0.0,-0.0,-0.0,-0.0,-0.0,-0.0,-0.0,0.0,0.0,-0.0,-0.0,-0.0,-0.0,-0.0,-0.0,0.0,0.21,0.395,0.0,0.168,0.0,0.0,0.0,0.0,0.0,0.315,0.5,0.0,0.273,0.0,0.0,0.0,0.0,-0.0,0.0,0.0,-0.0,-0.0,-0.0,-0.0,-0.0,-0.0,-0.0,0.0,0.0,-0.0,-0.0,-0.0,-0.0,-0.0,-0.0,-0.0,0.05,0.235,-0.0,0.008,-0.0,-0.0,-0.0,-0.0,-0.0,0.0,0.0,-0.0,-0.0,-0.0,-0.0,-0.0,-0.0
CPI-SS0C491A3C1,PPBP_CXCR2,simple:P02775,simple:P25025,PPBP,CXCR2,True,False,True,curated,False,Ligand-Receptor,Signaling by Chemokines,-0.0,-0.0,-0.0,-0.0,0.0,-0.0,-0.0,-0.0,0.0,-0.0,-0.0,-0.0,-0.0,0.0,-0.0,-0.0,-0.0,0.0,-0.0,-0.0,-0.0,-0.0,0.0,-0.0,-0.0,-0.0,0.0,-0.0,-0.0,-0.0,-0.0,0.039,-0.0,-0.0,-0.0,0.068,-0.0,0.0,0.0,-0.0,0.054,-0.0,0.0,0.0,0.084,-0.0,-0.0,-0.0,-0.0,0.0,-0.0,-0.0,-0.0,0.0,-0.0,-0.0,-0.0,-0.0,0.0,-0.0,-0.0,-0.0,0.0,0.0,0.0,0.0,0.0,0.072,0.0,0.0,0.0,0.101,-0.0,0.0,0.0,-0.0,0.049,-0.0,-0.0,0.0,0.079
CPI-SS0F562FEA5,CXCL2_CXCR2,simple:P19875,simple:P25025,CXCL2,CXCR2,True,False,True,curated,False,Ligand-Receptor,Signaling by Chemokines,-0.0,-0.0,-0.0,-0.0,-0.0,-0.0,-0.0,-0.0,-0.0,-0.0,-0.0,-0.0,-0.0,-0.0,-0.0,-0.0,-0.0,-0.0,-0.0,-0.0,-0.0,-0.0,-0.0,-0.0,-0.0,-0.0,-0.0,-0.0,-0.0,-0.0,-0.0,-0.0,-0.0,-0.0,-0.0,-0.0,0.0,0.0,0.0,0.0,0.39,0.0,0.0,0.0,0.419,-0.0,-0.0,-0.0,-0.0,-0.0,-0.0,-0.0,-0.0,-0.0,0.0,0.0,0.0,0.0,0.104,0.0,0.0,0.0,0.134,0.0,0.0,0.0,0.0,0.101,0.0,0.0,0.0,0.13,-0.0,-0.0,-0.0,-0.0,0.035,-0.0,-0.0,-0.0,0.065
CPI-SS0315F51DD,CXCL8_CXCR2,simple:P10145,simple:P25025,CXCL8,CXCR2,True,False,True,curated,False,Ligand-Receptor,Signaling by Chemokines,-0.0,-0.0,-0.0,-0.0,-0.0,-0.0,-0.0,-0.0,-0.0,-0.0,-0.0,-0.0,-0.0,-0.0,-0.0,-0.0,-0.0,-0.0,-0.0,-0.0,-0.0,-0.0,-0.0,-0.0,-0.0,-0.0,-0.0,-0.0,-0.0,-0.0,-0.0,-0.0,-0.0,-0.0,-0.0,-0.0,0.0,0.0,0.0,0.0,0.573,0.0,0.0,0.0,0.603,-0.0,-0.0,-0.0,-0.0,-0.0,-0.0,-0.0,-0.0,-0.0,-0.0,-0.0,-0.0,-0.0,0.0,-0.0,-0.0,-0.0,0.0,-0.0,-0.0,-0.0,-0.0,-0.0,-0.0,-0.0,-0.0,-0.0,-0.0,0.0,0.0,-0.0,0.05,-0.0,-0.0,0.0,0.08
CPI-SS0388C9C86,CX3CL1_CX3CR1,simple:P78423,simple:P49238,CX3CL1,CX3CR1,True,False,True,curated,False,Ligand-Receptor,Signaling by Chemokines,-0.0,-0.0,-0.0,-0.0,0.0,-0.0,-0.0,-0.0,0.0,-0.0,-0.0,0.0,-0.0,0.0,-0.0,-0.0,-0.0,0.0,-0.0,-0.0,-0.0,-0.0,0.0,-0.0,-0.0,-0.0,0.0,-0.0,0.0,0.12,0.0,0.207,-0.0,0.0,0.0,0.147,-0.0,-0.0,0.0,-0.0,0.0,-0.0,-0.0,-0.0,0.0,-0.0,-0.0,-0.0,-0.0,0.0,-0.0,-0.0,-0.0,0.0,-0.0,-0.0,0.061,-0.0,0.148,-0.0,-0.0,-0.0,0.088,0.0,0.0,0.574,0.0,0.661,0.0,0.0,0.0,0.601,-0.0,-0.0,0.062,-0.0,0.15,-0.0,-0.0,-0.0,0.089
CPI-SS09FAC4977,CXCL11_CXCR3,simple:O14625,simple:P49682,CXCL11,CXCR3,True,False,True,curated,False,Ligand-Receptor,Signaling by Chemokines,-0.0,0.0,0.0,-0.0,-0.0,-0.0,-0.0,-0.0,-0.0,-0.0,0.0,0.0,-0.0,-0.0,-0.0,-0.0,-0.0,-0.0,-0.0,0.0,0.0,-0.0,-0.0,-0.0,-0.0,-0.0,-0.0,-0.0,0.0,0.0,-0.0,-0.0,-0.0,-0.0,-0.0,-0.0,0.0,0.412,0.507,0.0,0.0,0.0,0.0,0.0,0.0,-0.0,0.0,0.0,-0.0,-0.0,-0.0,-0.0,-0.0,-0.0,-0.0,0.0,0.0,-0.0,-0.0,-0.0,-0.0,-0.0,-0.0,0.0,0.216,0.311,-0.0,-0.0,0.0,-0.0,-0.0,-0.0,-0.0,0.0,0.0,-0.0,-0.0,-0.0,-0.0,-0.0,-0.0
CPI-SS09A1EB4B3,CXCL9_CXCR3,simple:Q07325,simple:P49682,CXCL9,CXCR3,True,False,True,curated,False,Ligand-Receptor,Signaling by Chemokines,-0.0,0.0,0.0,-0.0,-0.0,-0.0,-0.0,-0.0,-0.0,-0.0,0.0,0.0,-0.0,-0.0,-0.0,-0.0,-0.0,-0.0,-0.0,0.0,0.0,-0.0,-0.0,-0.0,-0.0,-0.0,-0.0,-0.0,0.0,0.0,-0.0,-0.0,-0.0,-0.0,-0.0,-0.0,0.0,0.69,0.785,0.0,0.0,0.0,0.0,0.0,0.0,0.0,0.959,1.054,0.0,0.0,0.0,0.0,0.0,0.0,-0.0,0.0,0.0,-0.0,-0.0,-0.0,-0.0,-0.0,-0.0,-0.0,0.0,0.0,-0.0,-0.0,-0.0,-0.0,-0.0,-0.0,-0.0,0.0,0.0,-0.0,-0.0,-0.0,-0.0,-0.0,-0.0
CPI-SS0A28DCA72,CXCL12_CXCR4,simple:P48061,simple:P61073,CXCL12,CXCR4,True,False,True,curated,False,Ligand-Receptor,Signaling by Chemokines,-0.0,0.0,0.0,-0.0,-0.0,-0.0,-0.0,-0.0,-0.0,-0.0,0.0,0.0,-0.0,-0.0,-0.0,-0.0,-0.0,-0.0,-0.0,0.0,0.0,-0.0,-0.0,-0.0,-0.0,-0.0,-0.0,0.527,0.894,1.012,0.0,0.0,0.539,0.0,0.0,0.0,0.128,0.495,0.614,-0.0,-0.0,0.141,-0.0,-0.0,-0.0,-0.0,0.0,0.0,-0.0,-0.0,-0.0,-0.0,-0.0,-0.0,-0.0,0.0,0.0,-0.0,-0.0,-0.0,-0.0,-0.0,-0.0,0.652,1.019,1.137,0.0,0.0,0.664,0.0,0.0,0.0,0.093,0.46,0.578,-0.0,-0.0,0.105,-0.0,-0.0,-0.0
CPI-SS0669CC233,CXCL14_CXCR4,simple:O95715,simple:P61073,CXCL14,CXCR4,True,False,True,curated,False,Ligand-Receptor,Signaling by Chemokines,0.0,0.0,0.0,-0.0,-0.0,0.0,-0.0,-0.0,-0.0,0.0,0.0,0.0,-0.0,-0.0,0.0,-0.0,-0.0,-0.0,0.0,0.0,0.0,-0.0,-0.0,0.0,-0.0,-0.0,-0.0,0.652,1.019,1.138,0.0,0.0,0.665,0.0,0.0,0.0,0.0,0.0,0.0,-0.0,-0.0,0.0,-0.0,-0.0,-0.0,0.0,0.0,0.0,-0.0,-0.0,0.0,-0.0,-0.0,-0.0,0.0,0.0,0.0,-0.0,-0.0,0.0,-0.0,-0.0,-0.0,0.066,0.434,0.552,-0.0,-0.0,0.079,-0.0,-0.0,-0.0,0.079,0.446,0.565,-0.0,-0.0,0.092,-0.0,-0.0,-0.0
CPI-SS0C2437E0D,CXCL13_CXCR5,simple:O43927,simple:P32302,CXCL13,CXCR5,True,False,True,curated,False,Ligand-Receptor,Signaling by Chemokines,0.0,-0.0,-0.0,-0.0,-0.0,-0.0,-0.0,-0.0,-0.0,0.0,-0.0,-0.0,-0.0,-0.0,-0.0,-0.0,-0.0,-0.0,0.478,0.151,0.0,0.0,0.0,0.0,0.0,0.0,0.148,0.0,-0.0,-0.0,-0.0,-0.0,-0.0,-0.0,-0.0,-0.0,0.0,-0.0,-0.0,-0.0,-0.0,-0.0,-0.0,-0.0,-0.0,0.0,-0.0,-0.0,-0.0,-0.0,-0.0,-0.0,-0.0,-0.0,0.0,-0.0,-0.0,-0.0,-0.0,-0.0,-0.0,-0.0,-0.0,0.0,-0.0,-0.0,-0.0,-0.0,-0.0,-0.0,-0.0,-0.0,0.0,-0.0,-0.0,-0.0,-0.0,-0.0,-0.0,-0.0,-0.0
CPI-SS0A7E3A1AF,C5_C5AR2,simple:P01031,simple:Q9P296,C5,C5AR2,True,False,True,curated,False,Ligand-Receptor,Signaling by Complement,-0.0,-0.0,-0.0,-0.0,0.0,-0.0,-0.0,0.0,-0.0,-0.0,-0.0,-0.0,-0.0,0.0,-0.0,-0.0,0.0,-0.0,-0.0,-0.0,-0.0,-0.0,0.0,-0.0,-0.0,0.0,-0.0,-0.0,-0.0,-0.0,-0.0,0.0,-0.0,-0.0,0.0,-0.0,-0.0,-0.0,-0.0,-0.0,0.0,-0.0,-0.0,0.0,-0.0,-0.0,-0.0,-0.0,-0.0,-0.0,-0.0,-0.0,0.0,-0.0,0.0,0.0,0.0,0.0,0.385,0.0,0.0,0.397,0.0,-0.0,-0.0,-0.0,-0.0,0.0,-0.0,-0.0,0.0,-0.0,0.0,0.0,0.0,0.0,0.211,0.0,0.0,0.223,0.0
CPI-SS09B92F236,EDN1_EDNRB,simple:P05305,simple:P24530,EDN1,EDNRB,True,False,True,curated,False,Ligand-Receptor,Signaling by Endothelin,-0.0,-0.0,-0.0,0.0,-0.0,-0.0,-0.0,0.0,-0.0,-0.0,-0.0,-0.0,0.0,-0.0,-0.0,-0.0,0.0,-0.0,-0.0,-0.0,-0.0,0.0,-0.0,-0.0,-0.0,0.0,-0.0,-0.0,-0.0,-0.0,0.0,-0.0,-0.0,-0.0,0.0,-0.0,-0.0,-0.0,-0.0,0.0,-0.0,-0.0,-0.0,0.0,-0.0,-0.0,-0.0,-0.0,0.0,-0.0,-0.0,-0.0,0.0,-0.0,-0.0,-0.0,-0.0,0.0,-0.0,-0.0,-0.0,0.0,0.0,0.0,0.0,0.0,1.131,0.0,0.0,0.0,1.427,0.599,-0.0,-0.0,-0.0,0.573,-0.0,-0.0,-0.0,0.87,0.042
CPI-SS0EBFE1854,EFNA1_EPHA4,simple:P20827,simple:P54764,EFNA1,EPHA4,True,False,True,curated,False,Ligand-Receptor,Signaling by Ephrin,-0.0,-0.0,-0.0,-0.0,-0.0,-0.0,-0.0,0.0,-0.0,-0.0,-0.0,-0.0,-0.0,-0.0,-0.0,-0.0,0.0,-0.0,-0.0,-0.0,-0.0,-0.0,-0.0,-0.0,-0.0,0.0,-0.0,-0.0,-0.0,-0.0,-0.0,-0.0,-0.0,-0.0,0.0,-0.0,-0.0,-0.0,-0.0,-0.0,-0.0,-0.0,-0.0,0.0,-0.0,-0.0,-0.0,-0.0,-0.0,-0.0,-0.0,-0.0,0.0,-0.0,0.0,0.0,0.292,0.0,0.0,0.0,0.0,0.688,0.0,0.0,0.0,0.266,0.0,0.0,0.0,0.0,0.662,0.0,-0.0,0.0,0.018,-0.0,-0.0,-0.0,-0.0,0.414,-0.0
CPI-SS03446CB39,EFNB1_EPHA4,simple:P98172,simple:P54764,EFNB1,EPHA4,False,False,True,curated,False,Ligand-Receptor,Signaling by Ephrin,-0.0,-0.0,-0.0,-0.0,-0.0,-0.0,-0.0,0.0,-0.0,-0.0,-0.0,-0.0,-0.0,-0.0,-0.0,-0.0,0.0,-0.0,-0.0,-0.0,-0.0,-0.0,-0.0,-0.0,-0.0,0.0,-0.0,-0.0,-0.0,0.0,-0.0,-0.0,-0.0,-0.0,0.0,-0.0,-0.0,-0.0,-0.0,-0.0,-0.0,-0.0,-0.0,0.0,-0.0,-0.0,-0.0,-0.0,-0.0,-0.0,-0.0,-0.0,0.0,-0.0,-0.0,0.0,0.03,-0.0,-0.0,-0.0,-0.0,0.426,0.0,0.0,0.0,0.623,0.0,0.0,0.0,0.0,1.019,0.0,-0.0,-0.0,0.0,-0.0,-0.0,-0.0,-0.0,0.0,-0.0
CPI-SS087E0E3FB,EFNB2_EPHA4,simple:P52799,simple:P54764,EFNB2,EPHA4,False,True,True,curated,False,Ligand-Receptor,Signaling by Ephrin,-0.0,-0.0,-0.0,-0.0,-0.0,-0.0,-0.0,0.0,-0.0,-0.0,-0.0,-0.0,-0.0,-0.0,-0.0,-0.0,0.0,-0.0,-0.0,-0.0,-0.0,-0.0,-0.0,-0.0,-0.0,0.0,-0.0,-0.0,-0.0,-0.0,-0.0,-0.0,-0.0,-0.0,0.0,-0.0,-0.0,-0.0,-0.0,-0.0,-0.0,-0.0,-0.0,0.0,-0.0,-0.0,-0.0,-0.0,-0.0,-0.0,-0.0,-0.0,0.0,-0.0,-0.0,-0.0,-0.0,-0.0,-0.0,-0.0,-0.0,0.0,-0.0,0.0,0.0,1.061,0.0,0.0,0.0,0.0,1.456,0.0,-0.0,0.0,0.053,0.0,-0.0,-0.0,-0.0,0.449,0.0
CPI-SS0C2003B74,EFNB1_EPHB3,simple:P98172,simple:P54753,EFNB1,EPHB3,False,False,True,curated,False,Ligand-Receptor,Signaling by Ephrin,-0.0,-0.0,-0.0,-0.0,-0.0,-0.0,-0.0,-0.0,-0.0,-0.0,-0.0,-0.0,-0.0,-0.0,-0.0,-0.0,-0.0,-0.0,-0.0,-0.0,-0.0,-0.0,-0.0,-0.0,-0.0,-0.0,-0.0,-0.0,-0.0,-0.0,0.0,0.0,-0.0,-0.0,-0.0,0.0,-0.0,-0.0,-0.0,0.0,-0.0,-0.0,-0.0,-0.0,-0.0,-0.0,-0.0,-0.0,-0.0,-0.0,-0.0,-0.0,-0.0,-0.0,-0.0,-0.0,-0.0,0.064,0.047,-0.0,0.0,0.0,0.051,0.0,0.0,0.0,0.657,0.64,0.0,0.0,0.0,0.644,-0.0,-0.0,-0.0,0.0,0.0,-0.0,-0.0,-0.0,0.0
CPI-SS082ABF1EA,EFNB2_EPHB3,simple:P52799,simple:P54753,EFNB2,EPHB3,False,True,True,curated,False,Ligand-Receptor,Signaling by Ephrin,-0.0,-0.0,-0.0,-0.0,-0.0,-0.0,-0.0,-0.0,-0.0,-0.0,-0.0,-0.0,-0.0,-0.0,-0.0,-0.0,-0.0,-0.0,-0.0,-0.0,-0.0,-0.0,-0.0,-0.0,-0.0,-0.0,-0.0,-0.0,-0.0,-0.0,-0.0,-0.0,-0.0,-0.0,-0.0,-0.0,-0.0,-0.0,-0.0,-0.0,-0.0,-0.0,-0.0,-0.0,-0.0,-0.0,-0.0,-0.0,-0.0,-0.0,-0.0,-0.0,-0.0,-0.0,-0.0,-0.0,-0.0,-0.0,-0.0,-0.0,-0.0,-0.0,-0.0,0.0,0.0,0.0,1.095,1.078,0.0,0.0,0.0,1.082,0.0,0.0,0.0,0.087,0.07,0.0,0.0,0.0,0.074
CPI-SS0755A26DD,FGF1_FGFR1,simple:P05230,simple:P11362,FGF1,FGFR1,True,False,True,curated,False,Ligand-Receptor,Signaling by Fibroblast growth factor,-0.0,-0.0,-0.0,0.0,-0.0,-0.0,-0.0,0.0,0.0,-0.0,-0.0,-0.0,0.0,-0.0,-0.0,-0.0,0.0,0.0,-0.0,-0.0,-0.0,0.0,-0.0,-0.0,-0.0,0.0,0.0,0.0,0.0,0.0,0.986,0.0,0.0,0.0,1.097,0.695,-0.0,-0.0,-0.0,0.0,-0.0,-0.0,-0.0,0.0,0.0,-0.0,-0.0,-0.0,0.0,-0.0,-0.0,-0.0,0.0,0.0,-0.0,-0.0,-0.0,0.0,-0.0,-0.0,-0.0,0.0,0.0,-0.0,-0.0,-0.0,0.0,-0.0,-0.0,-0.0,0.0,0.0,-0.0,0.0,-0.0,0.339,-0.0,-0.0,-0.0,0.451,0.048
CPI-SS05632AB58,NCAM1_FGFR1,simple:P13591,simple:P11362,NCAM1,FGFR1,True,True,True,curated,False,Ligand-Receptor,Signaling by Fibroblast growth factor,-0.0,-0.0,-0.0,0.0,-0.0,-0.0,-0.0,0.0,-0.0,-0.0,-0.0,-0.0,0.0,-0.0,-0.0,-0.0,0.0,-0.0,-0.0,0.0,-0.0,0.355,0.0,-0.0,-0.0,0.467,0.064,-0.0,-0.0,-0.0,0.0,-0.0,-0.0,-0.0,0.0,-0.0,-0.0,-0.0,-0.0,0.0,-0.0,-0.0,-0.0,0.0,-0.0,-0.0,-0.0,-0.0,0.0,-0.0,-0.0,-0.0,0.0,-0.0,-0.0,-0.0,-0.0,0.0,-0.0,-0.0,-0.0,0.0,-0.0,-0.0,-0.0,-0.0,0.0,-0.0,-0.0,-0.0,0.0,-0.0,0.0,0.0,0.0,0.472,0.0,0.0,0.0,0.584,0.181
CPI-SS015819E65,FGF1_FGFR3,simple:P05230,simple:P22607,FGF1,FGFR3,True,False,True,curated,False,Ligand-Receptor,Signaling by Fibroblast growth factor,-0.0,-0.0,-0.0,-0.0,-0.0,-0.0,0.0,-0.0,0.0,-0.0,-0.0,-0.0,-0.0,-0.0,-0.0,0.0,-0.0,0.0,-0.0,-0.0,-0.0,-0.0,-0.0,-0.0,0.0,-0.0,0.0,0.0,0.0,0.0,0.0,0.0,0.0,0.739,0.0,0.742,-0.0,-0.0,-0.0,-0.0,-0.0,-0.0,0.0,-0.0,0.0,-0.0,-0.0,-0.0,-0.0,-0.0,-0.0,0.0,-0.0,0.0,-0.0,-0.0,-0.0,-0.0,-0.0,-0.0,0.0,-0.0,0.0,-0.0,-0.0,-0.0,-0.0,-0.0,-0.0,0.0,-0.0,0.0,-0.0,-0.0,-0.0,-0.0,-0.0,-0.0,0.093,0.0,0.095
CPI-SS0C21302BC,NCAM1_AGRN,simple:P13591,simple:O00468,NCAM1,AGRN,True,True,False,curated,False,Ligand-Receptor,Signaling by Leucine-Rich Repeat Transmembrane Neuronal Protein,-0.0,-0.0,-0.0,-0.0,-0.0,-0.0,-0.0,0.0,0.0,-0.0,-0.0,-0.0,0.0,-0.0,-0.0,0.0,0.0,0.0,-0.0,-0.0,-0.0,0.084,-0.0,-0.0,0.085,0.508,0.095,-0.0,-0.0,-0.0,0.0,-0.0,-0.0,0.0,0.0,0.0,-0.0,-0.0,-0.0,0.0,-0.0,-0.0,0.0,0.0,0.0,-0.0,-0.0,-0.0,-0.0,-0.0,-0.0,-0.0,0.0,0.0,-0.0,-0.0,-0.0,0.0,-0.0,-0.0,0.0,0.0,0.0,-0.0,-0.0,-0.0,0.0,-0.0,-0.0,0.0,0.0,0.0,0.0,0.0,0.0,0.201,0.0,0.0,0.201,0.624,0.211
CPI-SS0AE964947,GAS6_AXL,simple:Q14393,simple:P30530,GAS6,AXL,True,False,True,curated,False,Ligand-Receptor,Signaling by Growth arrest,-0.0,-0.0,-0.0,1.061,0.551,-0.0,0.0,-0.0,0.091,-0.0,-0.0,-0.0,0.0,0.0,-0.0,-0.0,-0.0,-0.0,-0.0,-0.0,-0.0,0.0,0.0,-0.0,-0.0,-0.0,-0.0,0.0,0.0,0.0,1.545,1.035,0.0,0.0,0.0,0.575,-0.0,-0.0,-0.0,1.067,0.556,-0.0,0.0,-0.0,0.096,-0.0,-0.0,-0.0,0.0,0.0,-0.0,-0.0,-0.0,-0.0,-0.0,-0.0,-0.0,0.0,0.0,-0.0,-0.0,-0.0,-0.0,0.0,0.0,0.0,1.635,1.125,0.0,0.0,0.0,0.665,-0.0,-0.0,-0.0,0.992,0.482,-0.0,-0.0,-0.0,0.022
CPI-SS0118D1B89,THY1_ADGRE5,simple:P04216,simple:P48960,THY1,ADGRE5,True,False,True,curated,False,Adhesion-Adhesion,Adhesion by antigen THY1,-0.0,-0.0,0.0,-0.0,-0.0,-0.0,-0.0,-0.0,-0.0,-0.0,-0.0,0.0,-0.0,-0.0,-0.0,-0.0,-0.0,-0.0,-0.0,-0.0,0.0,-0.0,-0.0,-0.0,-0.0,-0.0,-0.0,0.0,1.425,1.619,0.0,1.383,0.0,0.0,0.0,1.38,-0.0,-0.0,0.0,-0.0,-0.0,-0.0,-0.0,-0.0,-0.0,-0.0,-0.0,0.0,-0.0,-0.0,-0.0,-0.0,-0.0,-0.0,-0.0,-0.0,0.0,-0.0,-0.0,-0.0,-0.0,-0.0,-0.0,0.0,0.453,0.646,0.0,0.41,0.0,0.0,0.0,0.407,-0.0,0.143,0.337,0.0,0.101,-0.0,-0.0,-0.0,0.098
CPI-SS061A7E099,CD55_ADGRE5,simple:P08174,simple:P48960,CD55,ADGRE5,True,True,True,curated,False,Ligand-Receptor,,0.0,0.248,0.441,0.0,0.206,0.0,0.0,0.0,0.203,-0.0,0.157,0.351,0.0,0.115,-0.0,-0.0,-0.0,0.112,-0.0,0.127,0.32,-0.0,0.085,-0.0,-0.0,-0.0,0.081,-0.0,-0.0,0.0,-0.0,-0.0,-0.0,-0.0,-0.0,-0.0,-0.0,0.127,0.321,-0.0,0.085,-0.0,-0.0,-0.0,0.082,-0.0,-0.0,0.0,-0.0,-0.0,-0.0,-0.0,-0.0,-0.0,-0.0,-0.0,0.0,-0.0,-0.0,-0.0,-0.0,-0.0,-0.0,-0.0,0.074,0.268,-0.0,0.032,-0.0,-0.0,-0.0,0.029,-0.0,0.071,0.264,-0.0,0.028,-0.0,-0.0,-0.0,0.025
CPI-SS018BD4882,NMU_NMUR1,simple:P48645,simple:Q9HB89,NMU,NMUR1,True,False,True,curated,False,Ligand-Receptor,Signaling by Neuromedin,-0.0,-0.0,0.0,-0.0,-0.0,-0.0,-0.0,-0.0,0.0,-0.0,0.0,0.053,0.03,-0.0,-0.0,-0.0,0.0,0.086,-0.0,-0.0,0.0,0.0,-0.0,-0.0,-0.0,-0.0,0.0,-0.0,0.0,0.057,0.033,-0.0,-0.0,-0.0,0.0,0.09,-0.0,-0.0,0.0,-0.0,-0.0,-0.0,-0.0,-0.0,0.0,-0.0,-0.0,0.0,-0.0,-0.0,-0.0,-0.0,-0.0,0.0,-0.0,0.0,0.054,0.03,-0.0,-0.0,-0.0,0.0,0.087,-0.0,-0.0,0.0,-0.0,-0.0,-0.0,-0.0,-0.0,0.0,-0.0,-0.0,0.0,-0.0,-0.0,-0.0,-0.0,-0.0,0.0
CPI-SS047232C64,DLL1_NOTCH3,simple:O00548,simple:Q9UM47,DLL1,NOTCH3,False,False,True,curated,False,Ligand-Receptor,Signaling by Notch,-0.0,-0.0,-0.0,0.0,-0.0,-0.0,-0.0,-0.0,0.0,-0.0,-0.0,-0.0,0.0,-0.0,-0.0,-0.0,-0.0,0.0,-0.0,-0.0,-0.0,0.0,-0.0,-0.0,-0.0,-0.0,0.0,-0.0,-0.0,-0.0,1.836,-0.0,-0.0,-0.0,-0.0,0.11,-0.0,-0.0,-0.0,0.0,-0.0,-0.0,-0.0,-0.0,0.0,-0.0,-0.0,-0.0,0.0,-0.0,-0.0,-0.0,-0.0,0.0,-0.0,-0.0,-0.0,0.0,-0.0,-0.0,-0.0,-0.0,0.0,0.0,0.0,0.0,2.176,0.0,0.0,0.0,0.0,0.45,-0.0,-0.0,-0.0,1.827,-0.0,-0.0,-0.0,-0.0,0.101
CPI-SS035E5A708,DLL3_NOTCH3,simple:Q9NYJ7,simple:Q9UM47,DLL3,NOTCH3,False,False,True,curated,False,Ligand-Receptor,Signaling by Notch,-0.0,-0.0,-0.0,0.0,-0.0,-0.0,-0.0,-0.0,0.0,-0.0,-0.0,-0.0,0.0,-0.0,-0.0,-0.0,-0.0,-0.0,-0.0,-0.0,-0.0,0.0,-0.0,-0.0,-0.0,-0.0,0.0,-0.0,-0.0,-0.0,0.0,-0.0,-0.0,-0.0,-0.0,0.0,-0.0,-0.0,-0.0,0.0,-0.0,-0.0,-0.0,-0.0,0.0,0.0,0.0,0.0,2.543,0.0,0.0,0.0,0.0,0.817,0.0,0.0,0.0,1.915,0.0,0.0,0.0,0.0,0.189,-0.0,-0.0,-0.0,0.0,-0.0,-0.0,-0.0,-0.0,-0.0,-0.0,-0.0,-0.0,0.0,-0.0,-0.0,-0.0,-0.0,0.0
CPI-SS0FB5FE587,DLL1_NOTCH4,simple:O00548,simple:Q99466,DLL1,NOTCH4,False,False,True,curated,False,Ligand-Receptor,Signaling by Notch,-0.0,-0.0,-0.0,-0.0,-0.0,-0.0,-0.0,0.0,-0.0,-0.0,-0.0,-0.0,-0.0,-0.0,-0.0,-0.0,0.0,-0.0,-0.0,-0.0,-0.0,-0.0,-0.0,-0.0,-0.0,0.0,-0.0,-0.0,-0.0,-0.0,-0.0,-0.0,-0.0,-0.0,1.381,0.05,-0.0,-0.0,-0.0,-0.0,-0.0,-0.0,-0.0,0.0,-0.0,-0.0,-0.0,-0.0,-0.0,-0.0,-0.0,-0.0,0.0,-0.0,-0.0,-0.0,-0.0,-0.0,-0.0,-0.0,-0.0,0.0,0.0,0.0,0.0,0.0,0.0,0.0,0.0,0.0,1.721,0.391,-0.0,-0.0,-0.0,-0.0,-0.0,-0.0,-0.0,1.371,0.041
CPI-SS098C2FFC0,DLL3_NOTCH4,simple:Q9NYJ7,simple:Q99466,DLL3,NOTCH4,False,False,True,curated,False,Ligand-Receptor,Signaling by Notch,-0.0,-0.0,-0.0,-0.0,-0.0,-0.0,-0.0,0.0,-0.0,-0.0,-0.0,-0.0,-0.0,-0.0,-0.0,-0.0,0.0,-0.0,-0.0,-0.0,-0.0,-0.0,-0.0,-0.0,-0.0,0.0,-0.0,-0.0,-0.0,-0.0,-0.0,-0.0,-0.0,-0.0,0.0,-0.0,-0.0,-0.0,-0.0,-0.0,-0.0,-0.0,-0.0,0.0,-0.0,0.0,0.0,0.0,0.0,0.0,0.0,0.0,2.087,0.757,0.0,0.0,0.0,0.0,0.0,0.0,0.0,1.459,0.129,-0.0,-0.0,-0.0,-0.0,-0.0,-0.0,-0.0,0.0,-0.0,-0.0,-0.0,-0.0,-0.0,-0.0,-0.0,-0.0,0.0,-0.0
CPI-SS0C8A09915,VIP_VIPR1,simple:P01282,simple:P32241,VIP,VIPR1,True,False,True,curated,False,Ligand-Receptor,Signaling by Vasoactive Intestinal Peptide,-0.0,0.0,-0.0,0.0,-0.0,-0.0,-0.0,-0.0,0.0,-0.0,0.0,-0.0,0.0,-0.0,-0.0,-0.0,-0.0,0.0,-0.0,0.0,-0.0,0.0,-0.0,-0.0,-0.0,-0.0,0.0,-0.0,0.0,-0.0,0.0,-0.0,-0.0,-0.0,-0.0,0.0,-0.0,0.0,-0.0,0.0,-0.0,-0.0,-0.0,-0.0,0.0,-0.0,0.0,-0.0,0.0,-0.0,-0.0,-0.0,-0.0,0.0,-0.0,0.0,-0.0,0.0,-0.0,-0.0,-0.0,-0.0,0.0,0.0,0.227,0.0,0.362,0.0,0.0,0.0,0.0,0.219,-0.0,0.04,-0.0,0.176,0.0,-0.0,-0.0,-0.0,0.033
CPI-SS05B60E59C,VIP_VIPR2,simple:P01282,simple:P41587,VIP,VIPR2,True,False,True,curated,False,Ligand-Receptor,Signaling by Vasoactive Intestinal Peptide,-0.0,-0.0,0.0,0.0,-0.0,-0.0,-0.0,-0.0,0.0,-0.0,-0.0,0.0,0.0,-0.0,-0.0,-0.0,-0.0,0.0,-0.0,-0.0,0.0,0.0,-0.0,-0.0,-0.0,-0.0,0.0,-0.0,-0.0,0.0,0.0,-0.0,-0.0,-0.0,-0.0,0.0,-0.0,-0.0,0.0,0.0,-0.0,-0.0,-0.0,-0.0,0.0,-0.0,-0.0,0.0,0.0,-0.0,-0.0,-0.0,-0.0,0.0,-0.0,-0.0,0.0,0.0,-0.0,-0.0,-0.0,-0.0,0.0,0.0,0.0,0.299,0.289,0.0,0.0,0.0,0.0,0.23,0.0,-0.0,0.113,0.103,-0.0,-0.0,-0.0,-0.0,0.044
CPI-SS043E22BF5,VEGFA_NRP1,simple:P15692,simple:O14786,VEGFA,NRP1,True,False,True,curated,False,Ligand-Receptor,Signaling by Vascular endothelial growth factor,-0.0,-0.0,-0.0,0.0,-0.0,-0.0,-0.0,0.0,-0.0,-0.0,-0.0,-0.0,0.0,-0.0,-0.0,-0.0,0.0,-0.0,-0.0,-0.0,-0.0,0.0,-0.0,-0.0,-0.0,0.0,-0.0,-0.0,-0.0,-0.0,0.0,0.0,-0.0,-0.0,0.0,-0.0,-0.0,-0.0,-0.0,0.424,0.178,-0.0,0.0,0.749,0.075,-0.0,-0.0,-0.0,0.0,0.0,-0.0,-0.0,0.0,0.0,0.0,0.0,0.0,0.568,0.322,0.0,0.0,0.893,0.219,-0.0,-0.0,-0.0,0.0,-0.0,-0.0,-0.0,0.0,-0.0,-0.0,-0.0,-0.0,0.43,0.183,-0.0,0.0,0.755,0.081
CPI-SS0F67B526A,SEMA3C_NRP2,simple:Q99985,simple:O60462,SEMA3C,NRP2,True,False,True,curated,False,Ligand-Receptor,Signaling by Semaphorin,-0.0,-0.0,-0.0,0.0,0.0,-0.0,-0.0,0.0,-0.0,-0.0,-0.0,-0.0,-0.0,0.0,-0.0,-0.0,0.0,-0.0,-0.0,-0.0,-0.0,-0.0,0.0,-0.0,-0.0,0.0,-0.0,0.0,0.0,0.0,0.146,0.392,-0.0,0.0,0.87,0.0,-0.0,-0.0,-0.0,0.069,0.315,-0.0,-0.0,0.793,0.0,-0.0,-0.0,-0.0,-0.0,0.0,-0.0,-0.0,0.0,-0.0,-0.0,-0.0,-0.0,0.082,0.329,-0.0,-0.0,0.806,0.0,-0.0,-0.0,-0.0,0.0,0.0,-0.0,-0.0,0.0,-0.0,-0.0,-0.0,-0.0,0.0,0.0,-0.0,-0.0,0.0,-0.0
CPI-SS046F8AD8B,VEGFA_NRP2,simple:P15692,simple:O60462,VEGFA,NRP2,True,False,True,curated,False,Ligand-Receptor,Signaling by Vascular endothelial growth factor,-0.0,-0.0,-0.0,-0.0,0.0,-0.0,-0.0,0.0,-0.0,-0.0,-0.0,-0.0,-0.0,0.0,-0.0,-0.0,0.0,-0.0,-0.0,-0.0,-0.0,-0.0,0.0,-0.0,-0.0,0.0,-0.0,-0.0,-0.0,-0.0,-0.0,0.0,-0.0,-0.0,0.0,-0.0,-0.0,-0.0,-0.0,0.08,0.326,-0.0,-0.0,0.803,0.0,-0.0,-0.0,-0.0,0.0,0.0,-0.0,-0.0,0.0,-0.0,0.0,0.0,0.0,0.224,0.47,0.0,0.0,0.947,0.0,-0.0,-0.0,-0.0,-0.0,0.0,-0.0,-0.0,0.0,-0.0,-0.0,-0.0,-0.0,0.085,0.331,-0.0,-0.0,0.809,0.0
CPI-SS02CAD3BF8,VIP_SCTR,simple:P01282,simple:P47872,VIP,SCTR,True,False,True,curated,False,Ligand-Receptor,Signaling by Vasoactive Intestinal Peptide,-0.0,-0.0,-0.0,-0.0,-0.0,-0.0,-0.0,-0.0,0.0,-0.0,-0.0,-0.0,-0.0,-0.0,-0.0,-0.0,-0.0,0.0,-0.0,-0.0,-0.0,-0.0,-0.0,-0.0,-0.0,-0.0,0.0,-0.0,-0.0,-0.0,-0.0,-0.0,-0.0,-0.0,-0.0,0.0,-0.0,-0.0,-0.0,-0.0,-0.0,-0.0,-0.0,-0.0,0.0,-0.0,-0.0,-0.0,-0.0,-0.0,-0.0,-0.0,-0.0,0.0,-0.0,-0.0,-0.0,-0.0,-0.0,-0.0,0.0,-0.0,0.0,0.0,0.0,0.0,0.0,0.0,0.0,0.212,0.0,0.278,-0.0,-0.0,-0.0,-0.0,-0.0,-0.0,0.026,-0.0,0.092
CPI-SS0BC7F3EB5,SEMA4D_CD72,simple:Q92854,simple:P21854,SEMA4D,CD72,False,True,False,curated,False,Ligand-Receptor,Signaling by Semaphorin,0.0,-0.0,-0.0,-0.0,0.0,0.0,-0.0,-0.0,-0.0,0.372,0.0,0.0,0.0,0.5,0.476,0.0,0.0,0.0,0.468,0.0,0.0,0.0,0.596,0.572,0.0,0.0,0.0,0.0,-0.0,-0.0,-0.0,0.0,0.0,-0.0,-0.0,-0.0,0.275,-0.0,-0.0,-0.0,0.404,0.379,-0.0,-0.0,-0.0,0.0,-0.0,-0.0,-0.0,0.0,0.0,-0.0,-0.0,-0.0,0.0,-0.0,-0.0,-0.0,0.0,0.0,-0.0,-0.0,-0.0,0.0,-0.0,-0.0,-0.0,0.0,0.0,-0.0,-0.0,-0.0,0.0,-0.0,-0.0,-0.0,0.0,0.0,-0.0,-0.0,-0.0
CPI-SS0606E97F0,SEMA4D_PLXNB1,simple:Q92854,simple:O43157,SEMA4D,PLXNB1,True,True,True,curated,False,Ligand-Receptor,Signaling by Semaphorin,-0.0,-0.0,-0.0,-0.0,-0.0,-0.0,0.0,-0.0,0.0,0.0,0.0,0.0,0.131,0.0,0.0,0.196,0.0,0.152,0.0,0.0,0.0,0.227,0.0,0.0,0.292,0.0,0.248,-0.0,-0.0,-0.0,-0.0,-0.0,-0.0,-0.0,-0.0,-0.0,-0.0,-0.0,-0.0,0.034,-0.0,-0.0,0.099,-0.0,0.055,-0.0,-0.0,-0.0,-0.0,-0.0,-0.0,-0.0,-0.0,-0.0,-0.0,-0.0,-0.0,-0.0,-0.0,-0.0,-0.0,-0.0,-0.0,-0.0,-0.0,-0.0,-0.0,-0.0,-0.0,-0.0,-0.0,-0.0,-0.0,-0.0,-0.0,0.0,-0.0,-0.0,0.0,-0.0,0.0
CPI-SS0D60A535B,SDC1_ADGRA2,simple:P18827,simple:Q96PE1,SDC1,ADGRA2,True,False,True,curated,False,Ligand-Receptor,Signaling by Syndecan,0.0,0.0,0.0,0.954,0.0,0.0,0.0,0.364,0.083,-0.0,-0.0,-0.0,0.0,-0.0,-0.0,-0.0,0.0,-0.0,-0.0,-0.0,-0.0,0.0,-0.0,-0.0,-0.0,0.0,-0.0,-0.0,-0.0,-0.0,0.0,-0.0,-0.0,-0.0,0.0,-0.0,-0.0,-0.0,-0.0,0.0,-0.0,-0.0,-0.0,0.0,-0.0,-0.0,-0.0,-0.0,0.0,-0.0,-0.0,-0.0,0.0,-0.0,0.0,0.0,0.0,1.201,0.0,0.0,0.0,0.611,0.331,-0.0,-0.0,-0.0,0.0,-0.0,-0.0,-0.0,0.0,-0.0,-0.0,-0.0,-0.0,0.901,-0.0,-0.0,-0.0,0.311,0.031
CPI-SS0E0098222,TF_TFRC,simple:P02787,simple:P02786,TF,TFRC,True,False,True,curated,False,Ligand-Receptor,Signaling by Transferrin,-0.0,-0.0,-0.0,-0.0,-0.0,0.0,-0.0,-0.0,-0.0,-0.0,-0.0,-0.0,-0.0,-0.0,0.0,-0.0,-0.0,-0.0,-0.0,-0.0,-0.0,-0.0,-0.0,0.0,-0.0,-0.0,-0.0,-0.0,-0.0,-0.0,-0.0,-0.0,0.0,-0.0,-0.0,-0.0,-0.0,-0.0,-0.0,-0.0,0.0,0.0,-0.0,-0.0,-0.0,0.0,0.0,0.0,0.0,0.376,0.571,0.188,0.0,0.0,0.0,0.0,0.0,0.0,0.725,0.92,0.538,0.0,0.0,-0.0,-0.0,-0.0,-0.0,-0.0,0.0,-0.0,-0.0,-0.0,-0.0,-0.0,-0.0,-0.0,0.0,0.0,0.0,-0.0,-0.0
CPI-SS0178F5C45,TGFB2_TGFBR3,simple:P61812,simple:Q03167,TGFB2,TGFBR3,True,False,True,curated,False,Ligand-Receptor,Signaling by Transforming growth factor,-0.0,-0.0,0.0,-0.0,-0.0,-0.0,-0.0,0.0,-0.0,-0.0,-0.0,-0.0,-0.0,-0.0,-0.0,-0.0,0.0,-0.0,-0.0,-0.0,-0.0,-0.0,-0.0,-0.0,-0.0,0.0,-0.0,0.0,0.0,0.229,0.188,0.0,0.0,0.0,0.679,0.196,-0.0,-0.0,0.0,-0.0,-0.0,-0.0,-0.0,0.0,0.0,-0.0,-0.0,-0.0,-0.0,-0.0,-0.0,-0.0,0.0,-0.0,-0.0,-0.0,0.066,0.025,-0.0,-0.0,-0.0,0.517,0.034,-0.0,0.0,0.1,0.06,-0.0,-0.0,0.0,0.551,0.068,-0.0,-0.0,0.077,0.036,-0.0,-0.0,0.0,0.527,0.045
CPI-SS0D46E2B45,TGFB3_TGFBR3,simple:P10600,simple:Q03167,TGFB3,TGFBR3,True,False,True,curated,False,Ligand-Receptor,Signaling by Transforming growth factor,-0.0,-0.0,0.0,-0.0,-0.0,-0.0,-0.0,0.0,-0.0,-0.0,-0.0,0.0,-0.0,-0.0,-0.0,-0.0,0.0,-0.0,-0.0,-0.0,0.0,-0.0,-0.0,-0.0,-0.0,0.0,-0.0,0.0,0.0,0.758,0.717,0.0,0.0,0.0,1.208,0.726,-0.0,-0.0,0.0,-0.0,-0.0,-0.0,-0.0,0.0,-0.0,-0.0,-0.0,-0.0,-0.0,-0.0,-0.0,-0.0,0.0,-0.0,-0.0,-0.0,0.0,-0.0,-0.0,-0.0,-0.0,0.0,-0.0,-0.0,-0.0,0.068,0.027,-0.0,-0.0,-0.0,0.518,0.036,-0.0,-0.0,0.065,0.024,-0.0,-0.0,-0.0,0.516,0.033
CPI-SS053CE866E,TNFSF10_TNFRSF10C,simple:P50591,simple:O14798,TNFSF10,TNFRSF10C,True,False,True,curated,False,Ligand-Receptor,Signaling by Tumor necrosis factor,-0.0,-0.0,-0.0,-0.0,-0.0,-0.0,-0.0,-0.0,-0.0,-0.0,-0.0,-0.0,-0.0,-0.0,-0.0,-0.0,0.0,-0.0,0.0,0.0,0.0,0.034,0.036,0.0,0.044,0.162,0.043,-0.0,-0.0,-0.0,-0.0,-0.0,-0.0,-0.0,-0.0,-0.0,0.0,0.0,0.0,0.072,0.075,0.0,0.082,0.2,0.082,-0.0,-0.0,-0.0,-0.0,-0.0,-0.0,-0.0,-0.0,-0.0,-0.0,-0.0,-0.0,-0.0,-0.0,-0.0,-0.0,0.0,-0.0,0.0,0.0,0.0,0.349,0.352,0.0,0.359,0.477,0.359,-0.0,-0.0,-0.0,-0.0,0.0,-0.0,0.0,0.0,0.0
CPI-SS04456F441,TNFSF4_TNFRSF4,simple:P23510,simple:P43489,TNFSF4,TNFRSF4,False,False,True,curated,False,Ligand-Receptor,Signaling by Tumor necrosis factor,-0.0,0.0,-0.0,-0.0,-0.0,-0.0,-0.0,0.0,-0.0,-0.0,0.221,0.0,-0.0,-0.0,-0.0,-0.0,0.256,0.01,-0.0,0.284,0.0,-0.0,-0.0,-0.0,-0.0,0.319,0.073,-0.0,0.0,-0.0,-0.0,-0.0,-0.0,-0.0,0.0,-0.0,-0.0,0.0,-0.0,-0.0,-0.0,-0.0,-0.0,0.0,-0.0,-0.0,0.0,-0.0,-0.0,-0.0,-0.0,-0.0,0.0,-0.0,-0.0,0.0,-0.0,-0.0,-0.0,-0.0,-0.0,0.0,-0.0,-0.0,0.0,-0.0,-0.0,-0.0,-0.0,-0.0,0.0,-0.0,-0.0,0.216,-0.0,-0.0,-0.0,-0.0,-0.0,0.251,0.005
CPI-SS0C03F7CDC,VEGFA_KDR,simple:P15692,simple:P35968,VEGFA,KDR,True,False,True,curated,False,Ligand-Receptor,Signaling by Vascular endothelial growth factor,-0.0,-0.0,-0.0,-0.0,-0.0,-0.0,-0.0,0.0,-0.0,-0.0,-0.0,-0.0,-0.0,-0.0,-0.0,-0.0,0.0,-0.0,-0.0,-0.0,-0.0,-0.0,-0.0,-0.0,-0.0,0.0,-0.0,-0.0,-0.0,-0.0,-0.0,-0.0,-0.0,-0.0,0.0,-0.0,-0.0,-0.0,-0.0,-0.0,-0.0,-0.0,-0.0,1.253,0.067,-0.0,-0.0,-0.0,-0.0,-0.0,-0.0,-0.0,0.0,0.0,0.0,0.0,0.0,0.0,0.0,0.0,0.0,1.397,0.211,-0.0,-0.0,-0.0,-0.0,-0.0,-0.0,-0.0,0.0,-0.0,-0.0,-0.0,-0.0,-0.0,-0.0,-0.0,-0.0,1.258,0.072
CPI-SS02704D1B8,WNT2_FRZB,simple:P09544,simple:Q92765,WNT2,FRZB,True,False,False,curated,False,Ligand-Ligand,Signaling by WNT inhibition,-0.0,-0.0,-0.0,0.0,-0.0,0.0,0.0,-0.0,0.0,-0.0,-0.0,-0.0,0.0,-0.0,0.0,0.0,-0.0,0.0,-0.0,-0.0,-0.0,0.0,-0.0,0.0,0.0,-0.0,0.0,-0.0,-0.0,-0.0,1.564,-0.0,0.755,0.108,-0.0,0.091,-0.0,-0.0,-0.0,0.0,-0.0,0.0,0.0,-0.0,0.0,-0.0,-0.0,-0.0,0.0,-0.0,0.0,0.0,-0.0,0.0,-0.0,-0.0,-0.0,0.0,-0.0,0.0,0.0,-0.0,0.0,0.0,0.0,0.0,1.634,0.0,0.825,0.178,0.0,0.161,-0.0,-0.0,-0.0,1.51,-0.0,0.701,0.054,-0.0,0.038
CPI-SS0786D3749,WNT2B_FRZB,simple:Q93097,simple:Q92765,WNT2B,FRZB,True,False,False,curated,False,Ligand-Ligand,Signaling by WNT inhibition,-0.0,-0.0,-0.0,0.0,-0.0,0.0,0.0,-0.0,0.0,-0.0,-0.0,-0.0,0.0,-0.0,0.0,0.0,-0.0,0.0,-0.0,-0.0,-0.0,0.0,-0.0,0.0,0.0,-0.0,0.0,-0.0,-0.0,-0.0,1.547,-0.0,0.738,0.091,-0.0,0.075,-0.0,-0.0,-0.0,1.507,-0.0,0.698,0.052,-0.0,0.035,-0.0,-0.0,-0.0,0.0,-0.0,0.0,0.0,-0.0,-0.0,-0.0,-0.0,-0.0,0.0,-0.0,0.0,0.0,-0.0,0.0,0.0,0.0,0.0,1.658,0.0,0.849,0.202,0.0,0.185,-0.0,-0.0,-0.0,1.516,-0.0,0.707,0.06,-0.0,0.043
CPI-SS007954822,WNT5A_FRZB,simple:P41221,simple:Q92765,WNT5A,FRZB,True,False,False,curated,False,Ligand-Ligand,Signaling by WNT inhibition,-0.0,-0.0,-0.0,0.0,-0.0,0.0,0.0,-0.0,0.0,-0.0,-0.0,-0.0,0.0,-0.0,0.0,0.0,-0.0,-0.0,-0.0,-0.0,-0.0,0.0,-0.0,0.0,0.0,-0.0,-0.0,0.0,0.0,0.0,1.636,0.0,0.827,0.181,0.0,0.164,0.0,-0.0,0.0,1.621,0.0,0.812,0.165,0.0,0.148,-0.0,-0.0,-0.0,0.0,-0.0,0.0,0.0,-0.0,-0.0,-0.0,-0.0,-0.0,1.513,-0.0,0.704,0.058,-0.0,0.041,-0.0,-0.0,-0.0,0.0,-0.0,0.0,0.0,-0.0,-0.0,-0.0,-0.0,-0.0,0.0,-0.0,0.0,0.0,-0.0,0.0
CPI-SS03BC3A729,WNT7B_FRZB,simple:P56706,simple:Q92765,WNT7B,FRZB,True,False,False,curated,False,Ligand-Ligand,Signaling by WNT inhibition,-0.0,-0.0,-0.0,0.0,-0.0,0.0,0.0,-0.0,0.0,-0.0,-0.0,-0.0,0.0,-0.0,0.0,0.0,-0.0,0.0,-0.0,-0.0,-0.0,0.0,-0.0,0.0,0.0,-0.0,0.0,-0.0,-0.0,-0.0,0.0,-0.0,0.0,0.0,-0.0,0.0,-0.0,-0.0,-0.0,0.0,-0.0,0.0,0.0,-0.0,0.0,-0.0,-0.0,-0.0,0.0,-0.0,0.0,0.0,-0.0,0.0,-0.0,-0.0,-0.0,1.516,-0.0,0.707,0.06,-0.0,0.043,-0.0,-0.0,-0.0,0.0,-0.0,0.0,0.0,-0.0,0.0,-0.0,-0.0,-0.0,1.536,-0.0,0.727,0.081,-0.0,0.064
CPI-SS05E7290A6,WNT2_SFRP4,simple:P09544,simple:Q6FHJ7,WNT2,SFRP4,True,False,False,curated,False,Ligand-Ligand,Signaling by WNT inhibition,-0.0,-0.0,-0.0,0.0,-0.0,-0.0,-0.0,-0.0,-0.0,-0.0,-0.0,-0.0,0.0,-0.0,-0.0,-0.0,-0.0,-0.0,-0.0,-0.0,-0.0,0.0,-0.0,-0.0,-0.0,-0.0,-0.0,0.0,0.0,0.0,0.476,0.0,0.0,0.0,0.0,0.069,-0.0,-0.0,-0.0,0.0,-0.0,-0.0,-0.0,-0.0,-0.0,-0.0,-0.0,-0.0,0.0,-0.0,-0.0,-0.0,-0.0,-0.0,-0.0,-0.0,-0.0,0.0,-0.0,-0.0,-0.0,-0.0,0.0,0.0,0.0,0.0,0.546,0.0,0.0,0.0,0.0,0.138,-0.0,-0.0,-0.0,0.422,-0.0,-0.0,-0.0,-0.0,0.015
CPI-SS0BFEE3968,WNT2B_SFRP4,simple:Q93097,simple:Q6FHJ7,WNT2B,SFRP4,True,False,False,curated,False,Ligand-Ligand,Signaling by WNT inhibition,-0.0,-0.0,-0.0,0.0,-0.0,-0.0,-0.0,-0.0,-0.0,-0.0,-0.0,-0.0,0.0,-0.0,-0.0,-0.0,-0.0,-0.0,-0.0,-0.0,-0.0,0.0,-0.0,-0.0,-0.0,-0.0,0.0,0.0,0.0,0.0,0.459,0.0,0.0,0.0,0.0,0.052,-0.0,-0.0,-0.0,0.42,-0.0,-0.0,-0.0,-0.0,0.012,-0.0,-0.0,-0.0,0.0,-0.0,-0.0,-0.0,-0.0,-0.0,-0.0,-0.0,-0.0,0.0,-0.0,-0.0,-0.0,-0.0,-0.0,0.0,0.0,0.0,0.57,0.0,0.0,0.0,0.0,0.162,-0.0,-0.0,-0.0,0.428,-0.0,-0.0,-0.0,0.0,0.02
CPI-SS0A21B9682,WNT5A_SFRP4,simple:P41221,simple:Q6FHJ7,WNT5A,SFRP4,True,False,False,curated,False,Ligand-Ligand,Signaling by WNT inhibition,-0.0,-0.0,-0.0,0.0,-0.0,-0.0,-0.0,-0.0,-0.0,-0.0,-0.0,-0.0,0.0,-0.0,-0.0,-0.0,-0.0,-0.0,-0.0,-0.0,-0.0,0.0,-0.0,-0.0,-0.0,-0.0,-0.0,0.0,0.0,0.0,0.549,0.0,0.0,0.0,0.0,0.141,0.0,0.0,0.0,0.533,0.0,0.0,0.0,0.0,0.125,-0.0,-0.0,-0.0,0.0,-0.0,-0.0,-0.0,-0.0,-0.0,-0.0,-0.0,-0.0,0.426,-0.0,-0.0,-0.0,-0.0,0.018,-0.0,-0.0,-0.0,0.0,-0.0,-0.0,-0.0,-0.0,-0.0,-0.0,-0.0,-0.0,0.0,-0.0,-0.0,-0.0,-0.0,0.0
CPI-SS050373228,WNT7B_SFRP4,simple:P56706,simple:Q6FHJ7,WNT7B,SFRP4,True,False,False,curated,False,Ligand-Ligand,Signaling by WNT inhibition,-0.0,-0.0,-0.0,0.0,-0.0,-0.0,-0.0,-0.0,-0.0,-0.0,-0.0,-0.0,0.0,-0.0,-0.0,-0.0,-0.0,-0.0,-0.0,-0.0,-0.0,0.0,-0.0,-0.0,-0.0,-0.0,-0.0,-0.0,-0.0,-0.0,0.0,-0.0,-0.0,-0.0,-0.0,-0.0,-0.0,-0.0,-0.0,0.0,-0.0,-0.0,-0.0,-0.0,-0.0,-0.0,-0.0,-0.0,0.0,-0.0,-0.0,-0.0,-0.0,-0.0,-0.0,-0.0,-0.0,0.428,-0.0,-0.0,-0.0,0.0,0.02,-0.0,-0.0,-0.0,0.0,-0.0,-0.0,-0.0,-0.0,-0.0,0.0,0.0,0.0,0.449,0.0,0.0,0.0,0.0,0.041
CPI-SS001BD48FB,WNT2_SFRP5,simple:P09544,simple:Q5T4F7,WNT2,SFRP5,True,False,False,curated,False,Ligand-Ligand,Signaling by WNT inhibition,-0.0,-0.0,-0.0,-0.0,-0.0,-0.0,-0.0,-0.0,0.0,-0.0,-0.0,-0.0,-0.0,-0.0,-0.0,-0.0,-0.0,0.0,-0.0,-0.0,-0.0,-0.0,-0.0,-0.0,-0.0,-0.0,0.0,0.0,0.0,0.0,0.0,0.0,0.0,0.0,0.0,0.158,-0.0,-0.0,-0.0,-0.0,-0.0,-0.0,-0.0,-0.0,0.0,-0.0,-0.0,-0.0,-0.0,-0.0,-0.0,-0.0,-0.0,0.0,-0.0,-0.0,-0.0,-0.0,-0.0,-0.0,-0.0,-0.0,0.0,0.0,0.0,0.0,0.0,0.0,0.0,0.0,0.0,0.228,-0.0,-0.0,-0.0,-0.0,-0.0,-0.0,-0.0,-0.0,0.104
CPI-SS058493298,WNT2B_SFRP5,simple:Q93097,simple:Q5T4F7,WNT2B,SFRP5,True,False,False,curated,False,Ligand-Ligand,Signaling by WNT inhibition,-0.0,-0.0,-0.0,-0.0,-0.0,-0.0,-0.0,-0.0,0.0,-0.0,-0.0,-0.0,-0.0,-0.0,-0.0,-0.0,-0.0,0.0,-0.0,-0.0,-0.0,-0.0,-0.0,-0.0,-0.0,-0.0,0.0,0.0,0.0,0.0,0.0,0.0,0.0,0.0,0.0,0.141,-0.0,-0.0,-0.0,-0.0,-0.0,-0.0,-0.0,-0.0,0.101,-0.0,-0.0,-0.0,-0.0,-0.0,-0.0,-0.0,-0.0,0.0,-0.0,-0.0,-0.0,-0.0,-0.0,-0.0,-0.0,-0.0,0.0,0.0,0.0,0.0,0.0,0.0,0.0,0.0,0.0,0.252,-0.0,-0.0,-0.0,-0.0,-0.0,-0.0,0.0,-0.0,0.11
CPI-SS0734D2DA8,WNT5A_SFRP5,simple:P41221,simple:Q5T4F7,WNT5A,SFRP5,True,False,False,curated,False,Ligand-Ligand,Signaling by WNT inhibition,-0.0,-0.0,-0.0,-0.0,-0.0,-0.0,-0.0,-0.0,0.0,-0.0,-0.0,-0.0,-0.0,-0.0,-0.0,-0.0,-0.0,0.0,-0.0,-0.0,-0.0,-0.0,-0.0,-0.0,-0.0,-0.0,0.0,0.0,0.0,0.0,0.0,0.0,0.0,0.0,0.0,0.23,0.0,0.0,0.0,0.0,0.0,0.0,0.0,0.0,0.215,-0.0,-0.0,-0.0,-0.0,-0.0,-0.0,-0.0,-0.0,0.0,-0.0,-0.0,-0.0,-0.0,-0.0,-0.0,0.0,-0.0,0.107,-0.0,-0.0,-0.0,-0.0,-0.0,-0.0,-0.0,-0.0,0.0,-0.0,-0.0,-0.0,-0.0,-0.0,-0.0,-0.0,-0.0,0.0
CPI-SS0E161B905,WNT7B_SFRP5,simple:P56706,simple:Q5T4F7,WNT7B,SFRP5,True,False,False,curated,False,Ligand-Ligand,Signaling by WNT inhibition,-0.0,-0.0,-0.0,-0.0,-0.0,-0.0,-0.0,-0.0,0.0,-0.0,-0.0,-0.0,-0.0,-0.0,-0.0,-0.0,-0.0,0.0,-0.0,-0.0,-0.0,-0.0,-0.0,-0.0,-0.0,-0.0,0.0,-0.0,-0.0,-0.0,-0.0,-0.0,-0.0,-0.0,-0.0,0.0,-0.0,-0.0,-0.0,-0.0,-0.0,-0.0,-0.0,-0.0,0.0,-0.0,-0.0,-0.0,-0.0,-0.0,-0.0,-0.0,-0.0,0.0,-0.0,-0.0,-0.0,-0.0,-0.0,-0.0,0.0,-0.0,0.11,-0.0,-0.0,-0.0,-0.0,-0.0,-0.0,-0.0,-0.0,0.0,0.0,0.0,0.0,0.0,0.0,0.0,0.0,0.0,0.13
CPI-SS00216A960,CD320_JAML,simple:Q9NPF0,simple:Q86YT9,CD320,JAML,False,False,True,curated,False,Ligand-Receptor,,-0.0,0.0,0.0,-0.0,0.0,-0.0,-0.0,-0.0,-0.0,-0.0,0.0,0.0,-0.0,0.0,-0.0,-0.0,-0.0,-0.0,-0.0,0.0,0.0,-0.0,0.0,-0.0,-0.0,-0.0,-0.0,-0.0,0.0,-0.0,-0.0,0.0,-0.0,-0.0,-0.0,-0.0,-0.0,0.0,-0.0,-0.0,0.0,-0.0,-0.0,-0.0,-0.0,-0.0,0.174,0.124,-0.0,0.271,-0.0,-0.0,-0.0,-0.0,-0.0,0.281,0.232,-0.0,0.378,-0.0,-0.0,-0.0,0.0,0.0,0.472,0.422,0.0,0.569,0.0,0.0,0.0,0.0,-0.0,0.0,0.0,-0.0,0.0,-0.0,-0.0,-0.0,-0.0
CPI-SS01503DD69,CD44_TYROBP,simple:P16070,simple:O43914,CD44,TYROBP,False,True,False,curated,False,Ligand-Receptor,,-0.0,-0.0,-0.0,-0.0,0.0,0.0,-0.0,-0.0,0.0,0.0,0.0,0.0,0.0,1.47,0.579,0.0,0.0,0.338,0.0,0.0,0.0,0.0,1.501,0.61,0.0,0.0,0.37,-0.0,-0.0,-0.0,-0.0,0.0,0.0,-0.0,-0.0,0.0,0.0,-0.0,0.0,0.0,1.398,0.506,-0.0,-0.0,0.266,-0.0,-0.0,-0.0,-0.0,0.0,0.0,-0.0,-0.0,-0.0,-0.0,-0.0,-0.0,-0.0,0.0,0.0,-0.0,-0.0,-0.0,-0.0,-0.0,-0.0,-0.0,0.0,0.0,-0.0,-0.0,-0.0,-0.0,-0.0,-0.0,-0.0,0.0,0.0,-0.0,-0.0,0.0
CPI-SS01999882C,CD70_CD27,simple:P32970,simple:P26842,CD70,CD27,True,False,True,curated,False,Ligand-Receptor,,0.319,0.288,0.33,-0.0,-0.0,-0.0,-0.0,-0.0,0.0,0.352,0.321,0.363,-0.0,-0.0,-0.0,-0.0,-0.0,0.0,0.358,0.326,0.369,-0.0,-0.0,-0.0,-0.0,-0.0,0.0,0.0,0.0,0.0,-0.0,-0.0,-0.0,-0.0,-0.0,-0.0,0.0,0.0,0.0,-0.0,-0.0,-0.0,-0.0,-0.0,-0.0,1.072,1.041,1.083,0.0,0.0,0.0,0.0,0.0,0.0,0.0,0.0,0.0,-0.0,-0.0,-0.0,-0.0,-0.0,-0.0,0.0,0.0,0.0,-0.0,-0.0,-0.0,-0.0,-0.0,-0.0,0.0,0.0,0.0,-0.0,-0.0,-0.0,-0.0,-0.0,-0.0
CPI-SS0B1650B85,CD93_IFNGR1,simple:Q9NPY3,simple:P15260,CD93,IFNGR1,False,True,True,curated,False,Ligand-Receptor,,-0.0,-0.0,-0.0,-0.0,0.0,-0.0,-0.0,-0.0,-0.0,-0.0,-0.0,-0.0,-0.0,0.0,-0.0,-0.0,-0.0,-0.0,-0.0,-0.0,-0.0,-0.0,0.0,-0.0,-0.0,-0.0,-0.0,-0.0,-0.0,-0.0,-0.0,0.0,-0.0,-0.0,0.0,-0.0,0.0,0.0,0.239,0.0,0.537,-0.0,0.0,0.32,0.0,0.0,0.0,0.23,0.0,0.529,-0.0,0.0,0.312,0.0,-0.0,-0.0,-0.0,-0.0,0.0,-0.0,-0.0,-0.0,-0.0,0.0,0.0,1.225,0.0,1.524,0.0,0.0,1.307,0.0,-0.0,-0.0,0.024,-0.0,0.322,-0.0,-0.0,0.105,-0.0
CPI-SS04C672963,ESAM_ESAM,simple:Q96AP7,simple:Q96AP7,ESAM,ESAM,False,False,False,curated,False,Adhesion-Adhesion,,-0.0,-0.0,-0.0,0.0,-0.0,-0.0,-0.0,0.0,-0.0,-0.0,-0.0,-0.0,0.0,-0.0,-0.0,-0.0,0.0,-0.0,-0.0,-0.0,-0.0,0.0,-0.0,-0.0,-0.0,0.0,-0.0,0.0,0.0,0.0,1.122,0.0,0.0,0.0,1.952,0.579,-0.0,-0.0,-0.0,0.0,-0.0,-0.0,-0.0,0.0,-0.0,-0.0,-0.0,-0.0,0.0,-0.0,-0.0,-0.0,0.0,-0.0,-0.0,-0.0,-0.0,0.0,-0.0,-0.0,-0.0,0.0,-0.0,0.0,0.0,0.0,1.952,0.0,0.0,0.0,2.782,1.409,-0.0,-0.0,-0.0,0.579,-0.0,-0.0,-0.0,1.409,0.036
CPI-SS02B2C16ED,NELL2_ROBO3,simple:Q99435,simple:Q96MS0,NELL2,ROBO3,True,False,True,curated,False,Ligand-Receptor,,-0.0,-0.0,-0.0,0.0,-0.0,-0.0,-0.0,0.0,-0.0,0.0,0.0,0.0,0.209,0.191,0.0,0.0,0.319,0.0,0.0,0.0,0.0,0.168,0.15,0.0,0.0,0.278,0.0,-0.0,-0.0,-0.0,-0.0,-0.0,-0.0,-0.0,0.0,-0.0,-0.0,-0.0,-0.0,0.0,-0.0,-0.0,-0.0,0.0,-0.0,-0.0,-0.0,-0.0,-0.0,-0.0,-0.0,-0.0,0.0,-0.0,-0.0,-0.0,-0.0,0.0,-0.0,-0.0,-0.0,0.0,-0.0,-0.0,-0.0,-0.0,0.0,-0.0,-0.0,-0.0,0.0,-0.0,-0.0,-0.0,-0.0,0.0,0.0,-0.0,-0.0,0.0,-0.0
CPI-SS02A170A99,SPN_SIGLEC1,simple:P16150,simple:Q9BZZ2,SPN,SIGLEC1,True,False,False,curated,False,Ligand-Receptor,,-0.0,-0.0,-0.0,-0.0,0.0,-0.0,-0.0,-0.0,-0.0,0.0,0.0,0.0,0.0,0.654,0.0,0.0,0.0,0.0,0.0,0.0,0.0,0.0,0.747,0.0,0.0,0.0,0.0,-0.0,-0.0,-0.0,-0.0,0.0,-0.0,-0.0,-0.0,-0.0,-0.0,-0.0,-0.0,-0.0,0.0,-0.0,-0.0,-0.0,-0.0,-0.0,-0.0,-0.0,-0.0,0.0,-0.0,-0.0,-0.0,-0.0,-0.0,-0.0,-0.0,-0.0,0.0,-0.0,-0.0,-0.0,-0.0,-0.0,-0.0,-0.0,-0.0,0.0,-0.0,-0.0,-0.0,-0.0,-0.0,-0.0,-0.0,-0.0,0.521,-0.0,-0.0,-0.0,-0.0
CPI-SS0AB1A3A6D,CD177_PECAM1,simple:Q8N6Q3,simple:P16284,CD177,PECAM1,False,False,True,curated,False,Ligand-Receptor,,0.0,-0.0,-0.0,-0.0,0.0,-0.0,-0.0,0.0,-0.0,0.108,-0.0,0.0,-0.0,0.144,-0.0,-0.0,1.503,0.0,0.0,-0.0,-0.0,-0.0,0.0,-0.0,-0.0,0.0,-0.0,0.0,-0.0,-0.0,-0.0,0.0,-0.0,-0.0,0.0,-0.0,0.0,-0.0,-0.0,-0.0,0.0,-0.0,-0.0,0.0,-0.0,0.0,-0.0,-0.0,-0.0,0.0,-0.0,-0.0,0.0,-0.0,0.0,-0.0,-0.0,-0.0,0.0,-0.0,-0.0,0.0,-0.0,0.0,-0.0,-0.0,-0.0,0.0,-0.0,-0.0,0.0,-0.0,0.0,-0.0,-0.0,-0.0,0.0,-0.0,-0.0,0.0,-0.0
